"Show.Name","Date.Year","Show.Type","Total.Gross","Number.Performances"
"1","Tru",1990,"Play",134456,8
"2","Miss Saigon",1991,"Musical",30665673,300
"3","A Streetcar Named Desire 92",1992,"Play",5947347,137
"4","Miss Saigon",1992,"Musical",36315235,416
"5","Miss Saigon",1993,"Musical",32289717,416
"6","The Sisters Rosensweig",1993,"Play",13881777,324
"7","A Little More Magic",1994,"Special",160000,19
"8","Beauty And The Beast",1994,"Musical",28453519,288
"9","Broken Glass",1994,"Play",1393461,73
"10","Miss Saigon",1994,"Musical",29384903,416
"11","Show Boat",1994,"Musical",12149185,97
"12","Sunset Boulevard",1994,"Musical",6249677,45
"13","The Shadow Box",1994,"Play",523616,41
"14","The Sisters Rosensweig",1994,"Play",5204300,232
"15","A Month In The Country",1995,"Play",320994,15
"16","Arcadia",1995,"Play",2986504,104
"17","Beauty And The Beast",1995,"Musical",35934517,424
"18","Buttons On Broadway",1995,"Special",27020,3
"19","Cats",1995,"Musical",2684058,48
"20","Chronicle Of A Death Foretold",1995,"Musical",103769,0
"21","Company 95",1995,"Musical",173012,0
"22","Danny Gans On Broadway",1995,"Special",84362,6
"23","Defending The Caveman",1995,"Play",573296,32
"24","Garden District",1995,"Play",510674,31
"25","Grease",1995,"Musical",2198660,41
"26","Hamlet 95",1995,"Play",5094936,91
"27","Having Our Say",1995,"Play",4589010,277
"28","Hello, Dolly!",1995,"Musical",323839,0
"29","Holiday",1995,"Play",92284,0
"30","How To Succeed In Business Without Really Trying",1995,"Musical",426492,8
"31","Indiscretions",1995,"Play",280896,8
"32","Jackie Mason:  Politically Incorrect",1995,"Play",57491,7
"33","Kiss Of The Spider Woman",1995,"Musical",186660,8
"34","Les Miserables",1995,"Musical",436174,8
"35","Love! Valour! Compassion!",1995,"Play",120573,8
"36","Master Class",1995,"Play",931130,24
"37","Miss Saigon",1995,"Musical",26430928,385
"38","Moon Over Buffalo",1995,"Play",3858396,65
"39","Patti Lupone On Broadway",1995,"Special",83374,0
"40","Sacrilege",1995,"Play",357454,21
"41","School For Scandal",1995,"Play",27661,1
"42","Show Boat",1995,"Musical",40513292,384
"43","Smokey Joe'S Cafe",1995,"Musical",18061841,349
"44","Sunset Boulevard",1995,"Musical",37627231,382
"45","The Play'S The Thing",1995,"Play",32682,0
"46","The Rose Tattoo",1995,"Play",1039948,73
"47","The Shadow Box",1995,"Play",112982,8
"48","The Tempest",1995,"Play",4609277,70
"49","Tommy",1995,"Musical",229369,8
"50","Uncle Vanya",1995,"Play",421847,29
"51","Victor/Victoria",1995,"Musical",6313397,39
"52","A Delicate Balance",1996,"Play",5995428,185
"53","A Funny Thing Happened On The Way To The Forum",1996,"Musical",24143391,292
"54","A Midsummer Night'S Dream",1996,"Play",2731254,65
"55","A Thousand Clowns",1996,"Play",1019814,32
"56","An Ideal Husband",1996,"Play",7038697,275
"57","Beauty And The Beast",1996,"Musical",33473004,416
"58","Big",1996,"Musical",9736877,193
"59","Bring In Da Noise, Bring In Da Funk",1996,"Musical",15328756,288
"60","Buried Child",1996,"Play",1361820,72
"61","Bus Stop",1996,"Play",650106,29
"62","Cats",1996,"Musical",21653139,416
"63","Chicago",1996,"Musical",5233869,53
"64","Defending The Caveman",1996,"Play",5591107,301
"65","Dreams And Nightmares",1996,"Special",6033691,55
"66","God Said \"Ha\"",1996,"Play",286310,22
"67","Grease",1996,"Musical",17462951,416
"68","How To Succeed In Business Without Really Trying",1996,"Musical",3300134,56
"69","Hughie",1996,"Play",2673972,56
"70","It'S A Slippery Slope",1996,"Special",334458,14
"71","Juan Darien",1996,"Musical",979747,41
"72","Les Miserables",1996,"Musical",15146511,247
"73","Love Thy Neighbor",1996,"Play",3731603,228
"74","Master Class",1996,"Play",5651877,217
"75","Miss Saigon",1996,"Musical",15999414,248
"76","Moon Over Buffalo",1996,"Play",1045627,36
"77","Once Upon A Mattress",1996,"Musical",1833284,12
"78","Present Laughter",1996,"Play",1670479,47
"79","Rent",1996,"Musical",15666019,248
"80","Seven Guitars",1996,"Play",2428850,120
"81","Sex And Longing",1996,"Play",1474936,46
"82","Show Boat",1996,"Musical",17980094,249
"83","Skylight",1996,"Play",4514236,116
"84","Smokey Joe'S Cafe",1996,"Musical",19717687,415
"85","State Fair",1996,"Musical",790556,40
"86","Summer And Smoke",1996,"Play",1194418,53
"87","Sunset Boulevard",1996,"Musical",17613839,247
"88","Taking Sides",1996,"Play",1723675,85
"89","Tartuffe 96",1996,"Play",171763,29
"90","The King And I 96",1996,"Musical",17081449,248
"91","The Phantom Of The Opera",1996,"Musical",22130582,248
"92","The Rehearsal",1996,"Play",962190,42
"93","Victor/Victoria",1996,"Musical",18204993,247
"94","1776",1997,"Musical",4813802,141
"95","A Doll'S House",1997,"Play",6495976,150
"96","A Funny Thing Happened On The Way To The Forum",1997,"Musical",24284239,415
"97","A View From The Bridge",1997,"Play",649261,17
"98","An American Daughter",1997,"Play",2712516,89
"99","An Ideal Husband",1997,"Play",716644,32
"100","Annie",1997,"Musical",12836836,239
"101","Barrymore",1997,"Play",6566575,236
"102","Beauty And The Beast",1997,"Musical",30227497,416
"103","Bring In Da Noise, Bring In Da Funk",1997,"Musical",21343484,415
"104","Candide",1997,"Musical",5065916,104
"105","Cats",1997,"Musical",22010946,416
"106","Chicago",1997,"Musical",33327636,414
"107","Defending The Caveman",1997,"Play",2150025,134
"108","Dream: The Johnny Mercer Musical",1997,"Musical",3311853,109
"109","Eugene Onegin",1997,"Special",97542,7
"110","Forever Tango '97",1997,"Special",7463935,220
"111","Grease",1997,"Musical",15418117,368
"112","It'S A Slippery Slope",1997,"Special",75589,3
"113","Ivanov",1997,"Play",2590865,43
"114","Jackie: An American Life",1997,"Play",1204964,56
"115","Jekyll & Hyde",1997,"Musical",16932288,280
"116","Juan Darien",1997,"Musical",207382,8
"117","King David",1997,"Special",677313,6
"118","Les Miserables",1997,"Musical",25072048,411
"119","London Assurance",1997,"Play",1493967,72
"120","Love Thy Neighbor",1997,"Play",124771,6
"121","Mandy Patinkin",1997,"Special",563627,16
"122","Master Class",1997,"Play",2767934,172
"123","Men Are From Mars, Women Are From Venus",1997,"Special",358316,7
"124","Miss Saigon",1997,"Musical",25573008,416
"125","Once Upon A Mattress",1997,"Musical",6158445,176
"126","Play On!",1997,"Musical",1402692,61
"127","Present Laughter",1997,"Play",2664493,128
"128","Proposals",1997,"Play",1871439,61
"129","Ragtime",1997,"Musical",455674,0
"130","Rent",1997,"Musical",28653737,416
"131","Show Boat",1997,"Musical",723344,8
"132","Side Show",1997,"Musical",3876756,83
"133","Smokey Joe'S Cafe",1997,"Musical",18620861,416
"134","Stanley",1997,"Play",1197565,77
"135","Steel Pier",1997,"Musical",5587523,76
"136","Street Corner Symphony",1997,"Musical",674396,38
"137","Sunset Boulevard",1997,"Musical",5501793,96
"138","The Capeman",1997,"Musical",2211100,0
"139","The Cherry Orchard",1997,"Play",800000,12
"140","The Diary Of Anne Frank",1997,"Play",1382904,29
"141","The Gin Game",1997,"Play",2260537,145
"142","The King And I 96",1997,"Musical",22868223,416
"143","The Last Night Of Ballyhoo",1997,"Play",7965570,348
"144","The Life",1997,"Musical",12700816,282
"145","The Lion King",1997,"Musical",8254191,54
"146","The Little Foxes",1997,"Play",1759936,57
"147","The Old Neighborhood",1997,"Play",1369699,45
"148","The Phantom Of The Opera",1997,"Musical",36658740,416
"149","The Rehearsal",1997,"Play",185522,13
"150","The Scarlet Pimpernel",1997,"Musical",6016770,57
"151","The Sunshine Boys",1997,"Play",779330,24
"152","The Young Man From Atlanta",1997,"Play",1340187,84
"153","Three Sisters",1997,"Play",1708904,61
"154","Titanic",1997,"Musical",23914182,284
"155","Triumph Of Love",1997,"Musical",3429354,77
"156","Victor/Victoria",1997,"Musical",15965717,240
"157","1776",1998,"Musical",8166043,184
"158","A Funny Thing Happened On The Way To The Forum",1998,"Musical",428654,8
"159","A Mom'S Life",1998,"Special",11623,3
"160","A View From The Bridge",1998,"Play",5826186,222
"161","Ah, Wilderness",1998,"Play",1721052,54
"162","An Evening With Jerry Herman",1998,"Musical",365391,28
"163","Art",1998,"Play",16005243,345
"164","Aznavour",1998,"Special",1331285,23
"165","Beauty And The Beast",1998,"Musical",32106158,416
"166","Bring In Da Noise, Bring In Da Funk",1998,"Musical",16920354,416
"167","Cabaret 98",1998,"Musical",10968410,284
"168","Cats",1998,"Musical",21060010,416
"169","Chicago",1998,"Musical",34519952,416
"170","Colin Quinn - An Irish Wake",1998,"Play",241753,22
"171","Electra",1998,"Play",1412313,29
"172","Fool Moon '98",1998,"Special",1301428,41
"173","Footloose",1998,"Musical",5478312,76
"174","Forever Tango '97",1998,"Special",6408478,238
"175","Fosse",1998,"Musical",240868,0
"176","Freak",1998,"Play",5283095,144
"177","Getting And Spending",1998,"Play",484281,41
"178","Golden Child",1998,"Play",828439,69
"179","Grease",1998,"Musical",1633648,33
"180","High Society",1998,"Musical",7317557,144
"181","Honour",1998,"Play",1132819,57
"182","I'M Still Here...Damn It!",1998,"Play",1042059,45
"183","Ivanov",1998,"Play",362244,8
"184","Jackie: An American Life",1998,"Play",1056768,72
"185","Jekyll & Hyde",1998,"Musical",21874968,416
"186","Jerry Seinfeld",1998,"Special",774652,10
"187","Les Miserables",1998,"Musical",25508299,416
"188","Little Me",1998,"Musical",2073150,51
"189","Mandy Patinkin In Concert: Mamaloshen",1998,"Special",726465,28
"190","Miss Saigon",1998,"Musical",24113169,416
"191","More To Love: A Big Fat Comedy",1998,"Play",247279,5
"192","On The Town",1998,"Musical",4104811,45
"193","Parade",1998,"Musical",1989687,13
"194","Patti Labelle On Broadway",1998,"Special",989597,12
"195","Peter Pan 98",1998,"Musical",3587669,40
"196","Proposals",1998,"Play",300757,16
"197","Ragtime",1998,"Musical",44253765,393
"198","Rent",1998,"Musical",27761691,416
"199","Side Man",1998,"Play",3703194,165
"200","Side Show",1998,"Musical",438527,8
"201","Smokey Joe'S Cafe",1998,"Musical",16703346,416
"202","Street Corner Symphony",1998,"Musical",415614,41
"203","Swan Lake",1998,"Musical",5418246,92
"204","The Beauty Queen Of Leenane",1998,"Play",10357746,277
"205","The Blue Room",1998,"Play",1145660,13
"206","The Capeman",1998,"Musical",5827302,68
"207","The Chairs",1998,"Play",1830517,74
"208","The Deep Blue Sea",1998,"Play",1379259,61
"209","The Diary Of Anne Frank",1998,"Play",4703433,192
"210","The Herbal Bed",1998,"Play",371767,13
"211","The Judas Kiss",1998,"Play",4629082,103
"212","The King And I 96",1998,"Musical",2913508,64
"213","The Last Night Of Ballyhoo",1998,"Play",3582977,208
"214","The Life",1998,"Musical",6261179,184
"215","The Lion King",1998,"Musical",42623401,418
"216","The Old Neighborhood",1998,"Play",2450781,152
"217","The Phantom Of The Opera",1998,"Musical",36354939,416
"218","The Scarlet Pimpernel",1998,"Musical",19220307,407
"219","The Sound Of Music",1998,"Musical",23417540,333
"220","The Sunshine Boys",1998,"Play",4244497,206
"221","Titanic",1998,"Musical",28242280,416
"222","Triumph Of Love",1998,"Musical",271068,8
"223","Twelfth Night",1998,"Play",3602900,53
"224","Wait Until Dark",1998,"Play",4125132,97
"225","Amadeus",1999,"Play",406429,13
"226","Amy'S View",1999,"Play",5911176,103
"227","Annie Get Your Gun",1999,"Musical",31819257,341
"228","Art",1999,"Play",8282004,255
"229","Band In Berlin",1999,"Musical",383380,17
"230","Beauty And The Beast",1999,"Musical",25855128,341
"231","Bring In Da Noise, Bring In Da Funk",1999,"Musical",856345,16
"232","Cabaret 98",1999,"Musical",25844066,416
"233","Cats",1999,"Musical",19468213,416
"234","Chicago",1999,"Musical",30133439,415
"235","Closer",1999,"Play",5318897,172
"236","Dame Edna: The Royal Tour",1999,"Play",3360936,81
"237","Death Of A Salesman 99",1999,"Play",15190655,274
"238","Electra",1999,"Play",3217370,87
"239","Epic Proportions",1999,"Play",1317751,93
"240","Fool Moon '98",1999,"Special",385125,8
"241","Footloose",1999,"Musical",22236973,417
"242","Fosse",1999,"Musical",30959368,397
"243","I'M Still Here...Damn It!",1999,"Play",186027,6
"244","It Ain'T Nothin' But The Blues",1999,"Musical",6471407,269
"245","Jackie Mason: Much Ado About Everything",1999,"Play",890419,0
"246","James Joyce'S The Dead",1999,"Musical",396587,0
"247","Jekyll & Hyde",1999,"Musical",19483905,415
"248","Kat And The Kings",1999,"Musical",3206756,149
"249","Kiss Me, Kate",1999,"Musical",5075878,44
"250","Les Miserables",1999,"Musical",24190002,416
"251","Little Me",1999,"Musical",1193081,48
"252","Marie Christine",1999,"Musical",2361041,27
"253","Marlene",1999,"Musical",681313,25
"254","Minnelli On Minnelli",1999,"Special",1919333,14
"255","Miss Saigon",1999,"Musical",24178896,416
"256","Morning, Noon And Night",1999,"Special",407930,9
"257","Night Must Fall",1999,"Play",2927757,119
"258","Not About Nightingales",1999,"Play",2465086,125
"259","On The Town",1999,"Musical",1131481,24
"260","Parade",1999,"Musical",2359575,72
"261","Peter Pan 98",1999,"Musical",10218898,174
"262","Putting It Together",1999,"Musical",2977622,38
"263","Ragtime",1999,"Musical",33363835,417
"264","Rent",1999,"Musical",23389936,416
"265","Ring Round The Moon",1999,"Play",1282880,66
"266","Saturday Night Fever",1999,"Musical",9750139,77
"267","Side Man",1999,"Play",6105133,352
"268","Smokey Joe'S Cafe",1999,"Musical",14384937,416
"269","Swan Lake",1999,"Musical",1609612,32
"270","Swing!",1999,"Musical",2605280,21
"271","Tango Argentino '99",1999,"Musical",1361305,47
"272","The Beauty Queen Of Leenane",1999,"Play",2138642,88
"273","The Blue Room",1999,"Play",3444061,68
"274","The Civil War",1999,"Musical",3524775,61
"275","The Gershwins' Fascinating Rhythm",1999,"Musical",970692,17
"276","The Iceman Cometh 99",1999,"Play",8200517,102
"277","The Lion In Winter",1999,"Play",2099821,93
"278","The Lion King",1999,"Musical",45592394,417
"279","The Lonesome West",1999,"Play",619334,55
"280","The Phantom Of The Opera",1999,"Musical",34537535,416
"281","The Price 99",1999,"Play",1224282,48
"282","The Rainmaker",1999,"Play",2430507,53
"283","The Scarlet Pimpernel",1999,"Musical",15099250,300
"284","The Sound Of Music",1999,"Musical",11066431,200
"285","The Weir",1999,"Play",6874875,277
"286","Titanic",1999,"Musical",4994084,104
"287","Via Dolorosa",1999,"Play",1751272,99
"288","Voices In The Dark",1999,"Play",1245034,68
"289","Waiting In The Wings",1999,"Play",1235253,13
"290","You'Re A Good Man, Charlie Brown",1999,"Musical",3630774,149
"291","A Moon For The Misbegotten 00",2000,"Play",5140269,120
"292","Aida",2000,"Musical",35638527,324
"293","Amadeus",2000,"Play",4613032,160
"294","Annie Get Your Gun",2000,"Musical",29254198,424
"295","Beauty And The Beast",2000,"Musical",31161900,423
"296","Betrayal",2000,"Play",2600614,51
"297","Cabaret 98",2000,"Musical",23328320,424
"298","Cats",2000,"Musical",19697599,296
"299","Chicago",2000,"Musical",27119688,425
"300","Contact",2000,"Musical",26122152,317
"301","Copenhagen",2000,"Play",10700663,302
"302","Dame Edna: The Royal Tour",2000,"Play",6454757,216
"303","Dirty Blonde",2000,"Play",6798612,280
"304","Footloose",2000,"Musical",9419632,216
"305","Fosse",2000,"Musical",24477273,424
"306","Gore Vidal'S The Best Man",2000,"Play",5998667,121
"307","It Ain'T Nothin' But The Blues",2000,"Musical",281487,15
"308","Jackie Mason: Much Ado About Everything",2000,"Play",4413008,186
"309","James Joyce'S The Dead",2000,"Musical",3979470,120
"310","Jane Eyre",2000,"Musical",2477346,25
"311","Jekyll & Hyde",2000,"Musical",19296268,424
"312","Jesus Christ Superstar",2000,"Musical",11284435,161
"313","Kat And The Kings",2000,"Musical",211530,8
"314","Kiss Me, Kate",2000,"Musical",35878782,424
"315","Les Miserables",2000,"Musical",23987941,424
"316","Macbeth 00",2000,"Play",489308,13
"317","Marie Christine",2000,"Musical",621054,15
"318","Matters Of The Heart",2000,"Special",628230,11
"319","Minnelli On Minnelli",2000,"Special",630503,6
"320","Miss Saigon",2000,"Musical",24175462,424
"321","Morning, Noon And Night",2000,"Special",96789,3
"322","Proof",2000,"Play",3922368,80
"323","Putting It Together",2000,"Musical",2393748,63
"324","Ragtime",2000,"Musical",1874420,24
"325","Rent",2000,"Musical",22172410,424
"326","Riverdance",2000,"Musical",27679908,333
"327","Rose",2000,"Play",1230595,42
"328","Saturday Night Fever",2000,"Musical",27835499,424
"329","Seussical",2000,"Musical",4379359,38
"330","Smokey Joe'S Cafe",2000,"Musical",858205,24
"331","Squonk",2000,"Musical",466157,32
"332","Swing!",2000,"Musical",21210493,424
"333","Taller Than A Dwarf",2000,"Play",2557061,56
"334","Tango Argentino '99",2000,"Musical",568058,16
"335","The Dinner Party",2000,"Play",4613374,84
"336","The Full Monty",2000,"Musical",7357404,77
"337","The Green Bird",2000,"Musical",1787997,56
"338","The Lion King",2000,"Musical",51371662,424
"339","The Man Who Came To Dinner",2000,"Play",3854225,85
"340","The Music Man",2000,"Musical",21523249,286
"341","The Phantom Of The Opera",2000,"Musical",34941859,424
"342","The Price 99",2000,"Play",1788816,80
"343","The Rainmaker",2000,"Play",890735,29
"344","The Real Thing '00",2000,"Play",5645810,136
"345","The Ride Down Mt. Morgan",2000,"Play",3948515,121
"346","The Rocky Horror Show",2000,"Musical",3050566,55
"347","The Scarlet Pimpernel",2000,"Musical",356377,8
"348","The Search For Signs Of Intelligent Life In The Universe 00",2000,"Play",1945113,47
"349","The Tale Of The Allergist'S Wife",2000,"Play",4114717,68
"350","The Wild Party",2000,"Musical",3919522,68
"351","True West",2000,"Play",5035352,154
"352","Uncle Vanya 00",2000,"Play",2366742,49
"353","Waiting In The Wings",2000,"Play",5278652,170
"354","Wrong Mountain",2000,"Play",418284,28
"355","42Nd Street '01",2001,"Musical",28937541,275
"356","45 Seconds From Broadway",2001,"Play",3377127,58
"357","A Christmas Carol '01",2001,"Play",819397,8
"358","A Class Act",2001,"Musical",2558362,105
"359","A Thousand Clowns 01",2001,"Play",2658624,83
"360","Aida",2001,"Musical",41164440,413
"361","Annie Get Your Gun",2001,"Musical",21075258,280
"362","Barbara Cook: Mostly Sondheim",2001,"Special",39219,0
"363","Beauty And The Beast",2001,"Musical",31011339,414
"364","Bells Are Ringing",2001,"Musical",3527176,68
"365","Betrayal",2001,"Play",1333457,38
"366","Blast!",2001,"Musical",8169127,180
"367","By Jeeves",2001,"Musical",2090954,73
"368","Cabaret 98",2001,"Musical",20487522,414
"369","Chicago",2001,"Musical",23841443,415
"370","Contact",2001,"Musical",23113371,413
"371","Copenhagen",2001,"Play",870176,24
"372","Dance Of Death",2001,"Play",4863633,92
"373","Design For Living 01",2001,"Play",2984209,69
"374","Dirty Blonde",2001,"Play",1126810,72
"375","Follies",2001,"Musical",7080718,117
"376","Fosse",2001,"Musical",13319545,272
"377","George Gershwin Alone",2001,"Play",1055351,96
"378","Hedda Gabler 01",2001,"Play",2876599,102
"379","If You Ever Leave Me…I'M Going With You",2001,"Play",1361049,53
"380","Jane Eyre",2001,"Musical",5605839,184
"381","Jekyll & Hyde",2001,"Musical",469454,8
"382","Judgment At Nuremberg",2001,"Play",2025590,56
"383","King Hedley Ii",2001,"Play",2479599,72
"384","Kiss Me, Kate",2001,"Musical",24097083,414
"385","Les Miserables",2001,"Musical",22375651,413
"386","Major Barbara",2001,"Play",3217456,74
"387","Mamma Mia!",2001,"Musical",10882306,83
"388","Miss Saigon",2001,"Musical",3065454,32
"389","Noises Off '01",2001,"Play",4390093,69
"390","One Flew Over The Cuckoo'S Nest",2001,"Play",6477718,121
"391","Proof",2001,"Play",17115977,413
"392","Qed",2001,"Play",674152,10
"393","Rent",2001,"Musical",20317380,415
"394","Riverdance",2001,"Musical",17873902,272
"395","Seussical",2001,"Musical",8548375,160
"396","Sexaholix '01",2001,"Play",3408031,28
"397","Stones In His Pockets",2001,"Play",5141100,198
"398","Swing!",2001,"Musical",807918,16
"399","The Adventures Of Tom Sawyer",2001,"Musical",2211829,21
"400","The Dinner Party",2001,"Play",9360939,280
"401","The Full Monty",2001,"Musical",26481175,414
"402","The Gathering",2001,"Play",360983,24
"403","The Invention Of Love",2001,"Play",3918862,108
"404","The Lion King",2001,"Musical",52130009,414
"405","The Music Man",2001,"Musical",24453746,413
"406","The Phantom Of The Opera",2001,"Musical",31003038,413
"407","The Producers",2001,"Musical",43151040,291
"408","The Rocky Horror Show",2001,"Musical",10094888,374
"409","The Search For Signs Of Intelligent Life In The Universe 00",2001,"Play",3617781,137
"410","The Tale Of The Allergist'S Wife",2001,"Play",16054690,413
"411","The Women",2001,"Play",3472798,61
"412","Thou Shalt Not",2001,"Musical",3715494,77
"413","Urinetown",2001,"Musical",5059630,117
"414","42Nd Street '01",2002,"Musical",37154221,407
"415","45 Seconds From Broadway",2002,"Play",462744,15
"416","Aida",2002,"Musical",35983384,416
"417","Amour",2002,"Musical",1338399,17
"418","An Almost Holy Picture",2002,"Play",2534937,69
"419","Barbara Cook: Mostly Sondheim",2002,"Special",1163086,26
"420","Bea Arthur On Broadway",2002,"Special",1715877,65
"421","Beauty And The Beast",2002,"Musical",30744525,416
"422","Cabaret 98",2002,"Musical",20510644,416
"423","Chicago",2002,"Musical",22945785,416
"424","Contact",2002,"Musical",10983003,280
"425","Dance Of Death",2002,"Play",562798,16
"426","Dance Of The Vampires",2002,"Musical",7548464,25
"427","Def Poetry Jam",2002,"Play",1211388,54
"428","Dinner At Eight",2002,"Play",1254439,13
"429","Elaine Stritch At Liberty",2002,"Musical",5000248,69
"430","Flower Drum Song",2002,"Musical",7658554,85
"431","Fortune'S Fool",2002,"Play",4318899,127
"432","Frankie And Johnny In The Claire De Lune",2002,"Play",9805175,165
"433","Hairspray",2002,"Musical",21069886,157
"434","Hedda Gabler 01",2002,"Play",420741,15
"435","Hollywood Arms",2002,"Play",1944911,68
"436","I'M Not Rappaport '02",2002,"Play",793377,53
"437","Imaginary Friends",2002,"Play",1340529,20
"438","Into The Woods '02",2002,"Musical",14731618,279
"439","La Bohème",2002,"Musical",3468348,25
"440","Les Miserables",2002,"Musical",21217866,416
"441","Mamma Mia!",2002,"Musical",52546493,416
"442","Man Of La Mancha 02",2002,"Musical",4086420,29
"443","Medea 02",2002,"Play",526865,20
"444","Metamorphoses",2002,"Play",9071128,344
"445","Morning'S At Seven",2002,"Play",2766340,112
"446","Movin' Out",2002,"Musical",9512771,77
"447","Noises Off '01",2002,"Play",10288032,279
"448","Oklahoma!",2002,"Musical",31645701,324
"449","One Mo' Time",2002,"Musical",514302,21
"450","Our Town 02",2002,"Play",2073926,28
"451","Private Lives 02",2002,"Play",7083941,127
"452","Proof",2002,"Play",11567176,415
"453","Prune Danish",2002,"Play",2080448,39
"454","Qed",2002,"Play",1491340,30
"455","Rent",2002,"Musical",19612280,416
"456","Say Goodnight, Gracie",2002,"Play",2076414,92
"457","Sexaholix '01",2002,"Play",1929311,39
"458","Sweet Smell Of Success",2002,"Musical",7860322,109
"459","Tartuffe 03",2002,"Play",705801,0
"460","The Boys From Syracuse",2002,"Musical",3286075,73
"461","The Crucible 02",2002,"Play",7657715,101
"462","The Elephant Man",2002,"Play",1574221,57
"463","The Full Monty",2002,"Musical",14023442,279
"464","The Goat, Or Who Is Sylvia?",2002,"Play",7932478,309
"465","The Graduate",2002,"Play",15723522,308
"466","The Lion King",2002,"Musical",56306634,417
"467","The Man Who Had All The Luck",2002,"Play",2610518,70
"468","The Mystery Of Charles Dickens",2002,"Play",253992,20
"469","The Phantom Of The Opera",2002,"Musical",28932348,416
"470","The Producers",2002,"Musical",59967404,416
"471","The Rocky Horror Show",2002,"Musical",285946,8
"472","The Smell Of The Kill",2002,"Play",533380,40
"473","The Tale Of The Allergist'S Wife",2002,"Play",9141320,296
"474","The Women",2002,"Play",710380,16
"475","Thoroughly Modern Millie",2002,"Musical",30874888,292
"476","Thou Shalt Not",2002,"Musical",179459,8
"477","Topdog / Underdog",2002,"Play",5405007,144
"478","Urinetown",2002,"Musical",15521900,413
"479","42Nd Street '01",2003,"Musical",32375308,403
"480","A Day In The Death Of Joe Egg",2003,"Play",2874477,69
"481","A Year With Frog And Toad",2003,"Musical",1736421,73
"482","Aida",2003,"Musical",31924296,411
"483","Anna In The Tropics",2003,"Play",1733363,49
"484","As Long As We Both Shall Laugh",2003,"Special",330477,15
"485","Avenue Q",2003,"Musical",7843233,172
"486","Beauty And The Beast",2003,"Musical",28521297,409
"487","Big River '03",2003,"Musical",2802669,67
"488","Bill Maher: Victory Begins At Home",2003,"Special",533861,16
"489","Bobbi Boland",2003,"Play",100389,0
"490","Cabaret 98",2003,"Musical",17714044,415
"491","Cat On A Hot Tin Roof 03",2003,"Play",5502620,65
"492","Chicago",2003,"Musical",29771333,409
"493","Dance Of The Vampires",2003,"Musical",1882790,31
"494","Def Poetry Jam",2003,"Play",2166209,144
"495","Dinner At Eight",2003,"Play",1352405,32
"496","Enchanted April",2003,"Play",3492109,143
"497","Flower Drum Song",2003,"Musical",3605890,84
"498","Frankie And Johnny In The Claire De Lune",2003,"Play",1653318,78
"499","Golda'S Balcony",2003,"Play",2806258,81
"500","Gypsy '03",2003,"Musical",27089822,275
"501","Hairspray",2003,"Musical",50367887,411
"502","Henry Iv",2003,"Play",3267454,38
"503","Hollywood Arms",2003,"Play",98924,8
"504","I Am My Own Wife",2003,"Play",864503,29
"505","Imaginary Friends",2003,"Play",1517421,56
"506","Jackie Mason'S Laughing Room Only",2003,"Musical",1015629,14
"507","La Bohème",2003,"Musical",17305573,203
"508","Les Miserables",2003,"Musical",13461360,156
"509","Life X 3",2003,"Play",4570880,104
"510","Little Shop Of Horrors",2003,"Musical",7867318,100
"511","Long Day'S Journey Into Night 03",2003,"Play",11333178,117
"512","Ma Rainey'S Black Bottom '03",2003,"Play",2427214,68
"513","Mamma Mia!",2003,"Musical",48709860,411
"514","Man Of La Mancha 02",2003,"Musical",18397006,275
"515","Master Harold…And The Boys",2003,"Play",2276295,49
"516","Medea 02",2003,"Play",1927316,58
"517","Metamorphoses",2003,"Play",1383966,56
"518","Movin' Out",2003,"Musical",33529490,410
"519","Never Gonna Dance",2003,"Musical",3782752,28
"520","Nine",2003,"Musical",24448759,283
"521","Oklahoma!",2003,"Musical",3315894,64
"522","Oldest Living Confederate Widow Tells All",2003,"Play",225202,1
"523","Our Town 02",2003,"Play",1683080,31
"524","Proof",2003,"Play",291473,9
"525","Rent",2003,"Musical",16914006,409
"526","Salome",2003,"Play",3702428,40
"527","Say Goodnight, Gracie",2003,"Play",3798201,272
"528","Sexaholix '03",2003,"Play",990923,28
"529","Six Dance Lessons In Six Weeks",2003,"Play",716751,30
"530","Taboo",2003,"Musical",2926266,52
"531","Take Me Out",2003,"Play",10624793,346
"532","Tartuffe 03",2003,"Play",1933051,53
"533","The Boy From Oz",2003,"Musical",11909874,84
"534","The Caretaker 03",2003,"Play",1904710,55
"535","The Graduate",2003,"Play",2111386,72
"536","The Lion King",2003,"Musical",55655709,411
"537","The Look Of Love",2003,"Musical",2344600,49
"538","The Phantom Of The Opera",2003,"Musical",28605766,410
"539","The Play What I Wrote",2003,"Play",2530951,89
"540","The Producers",2003,"Musical",47193851,411
"541","The Retreat From Moscow",2003,"Play",2987522,75
"542","The Violet Hour",2003,"Play",2037981,54
"543","Thoroughly Modern Millie",2003,"Musical",32691225,411
"544","Urban Cowboy",2003,"Musical",1288667,60
"545","Urinetown",2003,"Musical",13302671,411
"546","Vincent In Brixton",2003,"Play",1915989,69
"547","Wicked",2003,"Musical",11101464,68
"548","Wonderful Town",2003,"Musical",3593059,41
"549","'Night Mother",2004,"Play",1534157,49
"550","42Nd Street '01",2004,"Musical",31605153,416
"551","700 Sundays",2004,"Play",4596526,22
"552","A Raisin In The Sun",2004,"Play",7941028,88
"553","After The Fall",2004,"Play",2998486,53
"554","Aida",2004,"Musical",21217751,288
"555","Anna In The Tropics",2004,"Play",1382229,64
"556","Assassins",2004,"Musical",6024383,101
"557","Avenue Q",2004,"Musical",23283859,416
"558","Barbara Cook'S Broadway",2004,"Special",438437,7
"559","Beauty And The Beast",2004,"Musical",30983333,417
"560","Bombay Dreams",2004,"Musical",21525489,275
"561","Brooklyn",2004,"Musical",4094566,77
"562","Cabaret 98",2004,"Musical",536433,8
"563","Caroline, Or Change",2004,"Musical",7527718,136
"564","Cat On A Hot Tin Roof 03",2004,"Play",3395622,80
"565","Chicago",2004,"Musical",26095531,416
"566","Dame Edna:  Back With A Vengeance",2004,"Play",2640489,36
"567","Democracy",2004,"Play",3108426,44
"568","Dracula, The Musical",2004,"Musical",5647520,149
"569","Drowning Crow",2004,"Play",1619255,54
"570","Fiddler On The Roof 04",2004,"Musical",28664658,348
"571","Forever Tango '04",2004,"Musical",2477612,114
"572","Frozen",2004,"Play",2252052,128
"573","Gem Of The Ocean",2004,"Play",1075271,24
"574","Golda'S Balcony",2004,"Play",6285655,404
"575","Good Vibrations",2004,"Musical",255720,0
"576","Gypsy '03",2004,"Musical",10672710,176
"577","Hairspray",2004,"Musical",44581703,415
"578","Henry Iv",2004,"Play",1602788,20
"579","I Am My Own Wife",2004,"Play",7784059,331
"580","Jumpers",2004,"Play",3957158,89
"581","King Lear",2004,"Play",2832254,33
"582","La Cage Aux Folles '04",2004,"Musical",3920872,20
"583","Laugh Whore",2004,"Play",1564320,59
"584","Little Shop Of Horrors",2004,"Musical",12740271,272
"585","Little Women",2004,"Musical",1472228,0
"586","Mamma Mia!",2004,"Musical",48097905,416
"587","Marc Salem'S Mind Games",2004,"Special",287897,30
"588","Match",2004,"Play",2333156,53
"589","Movin' Out",2004,"Musical",31357893,415
"590","Never Gonna Dance",2004,"Musical",2505084,56
"591","Pacific Overtures",2004,"Musical",2068233,29
"592","Prymate",2004,"Play",111855,5
"593","Reckless",2004,"Play",3004690,77
"594","Rent",2004,"Musical",17286416,415
"595","Sight Unseen",2004,"Play",2724614,70
"596","Sixteen Wounded",2004,"Play",509381,12
"597","Sly Fox",2004,"Play",8121077,173
"598","Taboo",2004,"Musical",1968732,48
"599","Take Me Out",2004,"Play",351023,9
"600","The Boy From Oz",2004,"Musical",30828464,280
"601","The Caretaker 03",2004,"Play",251623,8
"602","The Frogs",2004,"Musical",7691480,92
"603","The Good Body",2004,"Play",843035,40
"604","The Lion King",2004,"Musical",57963621,416
"605","The Phantom Of The Opera",2004,"Musical",30558522,416
"606","The Producers",2004,"Musical",52493473,415
"607","The Retreat From Moscow",2004,"Play",1508883,72
"608","The Rivals",2004,"Play",1095889,13
"609","Thoroughly Modern Millie",2004,"Musical",12050396,200
"610","Twelve Angry Men",2004,"Play",3830082,68
"611","Twentieth Century",2004,"Play",3869161,84
"612","Urinetown",2004,"Musical",931663,24
"613","Whoopi",2004,"Play",1407246,36
"614","Wicked",2004,"Musical",58830099,416
"615","Wonderful Town",2004,"Musical",23638730,416
"616","'Night Mother",2005,"Play",165921,8
"617","42Nd Street '01",2005,"Musical",1128583,8
"618","700 Sundays",2005,"Play",17077829,141
"619","A Naked Girl On The Appian Way",2005,"Play",3082541,69
"620","A Streetcar Named Desire 05",2005,"Play",4079447,73
"621","A Touch Of The Poet",2005,"Play",1843038,19
"622","Absurd Person Singular",2005,"Play",1816196,56
"623","After The Night And The Music",2005,"Play",1558313,38
"624","All Shook Up",2005,"Musical",14447491,213
"625","Avenue Q",2005,"Musical",23849155,416
"626","Beauty And The Beast",2005,"Musical",32261756,415
"627","Bombay Dreams",2005,"Musical",912090,9
"628","Brooklyn",2005,"Musical",6014034,207
"629","Brooklyn Boy",2005,"Play",2135668,62
"630","Chicago",2005,"Musical",25990911,415
"631","Chita Rivera: The Dancer'S Life",2005,"Musical",1306935,15
"632","Chitty Chitty Bang Bang",2005,"Musical",26231125,276
"633","Dame Edna:  Back With A Vengeance",2005,"Play",4381364,127
"634","Democracy",2005,"Play",3983251,129
"635","Dirty Rotten Scoundrels",2005,"Musical",35497900,338
"636","Doubt",2005,"Play",19723373,308
"637","Dracula, The Musical",2005,"Musical",462006,8
"638","Fiddler On The Roof 04",2005,"Musical",27196334,416
"639","Gem Of The Ocean",2005,"Play",1502259,48
"640","Glengarry Glen Ross '05",2005,"Play",8532405,137
"641","Golda'S Balcony",2005,"Play",217744,8
"642","Good Vibrations",2005,"Musical",5255346,94
"643","Hairspray",2005,"Musical",36242571,417
"644","In My Life",2005,"Musical",1557164,61
"645","Jackie Mason:  Freshly Squeezed",2005,"Play",2964688,172
"646","Jersey Boys",2005,"Musical",7299716,57
"647","Julius Caesar",2005,"Play",8543103,81
"648","La Cage Aux Folles '04",2005,"Musical",12460619,209
"649","Latinologues",2005,"Play",964460,85
"650","Laugh Whore",2005,"Play",264181,7
"651","Lennon",2005,"Musical",3596685,49
"652","Little Women",2005,"Musical",8321053,137
"653","Love / Life",2005,"Special",280480,8
"654","Mamma Mia!",2005,"Musical",49161427,415
"655","Mark Twain Tonight!",2005,"Play",617468,15
"656","Monty Python'S Spamalot",2005,"Musical",43594098,324
"657","Movin' Out",2005,"Musical",25519547,401
"658","On Golden Pond",2005,"Play",2947551,93
"659","Pacific Overtures",2005,"Musical",1701803,40
"660","Primo",2005,"Play",1952699,35
"661","Rent",2005,"Musical",20697651,409
"662","Seascape",2005,"Play",1181464,39
"663","Souvenir",2005,"Play",654642,52
"664","Steel Magnolias",2005,"Play",4139622,136
"665","Sweeney Todd 05",2005,"Musical",6162081,61
"666","Sweet Charity 05",2005,"Musical",17815660,270
"667","The 25Th Annual Putnam County Spelling Bee",2005,"Musical",14879356,272
"668","The Blonde In The Thunderbird",2005,"Play",191165,9
"669","The Color Purple",2005,"Musical",5717176,27
"670","The Constant Wife",2005,"Play",3365506,77
"671","The Glass Menagerie 05",2005,"Play",4573842,120
"672","The Light In The Piazza",2005,"Musical",18420507,288
"673","The Lion King",2005,"Musical",59917876,416
"674","The Odd Couple 05",2005,"Play",10227304,68
"675","The Phantom Of The Opera",2005,"Musical",37556566,415
"676","The Pillowman",2005,"Play",8946186,185
"677","The Producers",2005,"Musical",42701058,417
"678","The Rivals",2005,"Play",1179263,32
"679","The Woman In White",2005,"Musical",5952858,44
"680","Twelve Angry Men",2005,"Play",5495487,160
"681","Who'S Afraid Of Virginia Woolf?",2005,"Play",6574830,177
"682","Whoopi",2005,"Play",1177043,36
"683","Wicked",2005,"Musical",66421803,416
"684","Wonderful Town",2005,"Musical",2598466,40
"685","A Chorus Line '06",2006,"Musical",11679735,101
"686","A Touch Of The Poet",2006,"Play",1766608,39
"687","Avenue Q",2006,"Musical",21840573,424
"688","Awake And Sing!",2006,"Play",3384141,80
"689","Barefoot In The Park",2006,"Play",4501355,109
"690","Beauty And The Beast",2006,"Musical",35340286,426
"691","Bridge And Tunnel",2006,"Play",6135555,213
"692","Butley",2006,"Play",4792687,78
"693","Chicago",2006,"Musical",29019928,424
"694","Chita Rivera: The Dancer'S Life",2006,"Musical",2256485,57
"695","Chitty Chitty Bang Bang",2006,"Musical",1278380,9
"696","Company 06",2006,"Musical",4218107,38
"697","Dirty Rotten Scoundrels",2006,"Musical",22535965,289
"698","Doubt",2006,"Play",7933100,217
"699","Dr. Seuss' How The Grinch Stole Christmas!",2006,"Musical",12625216,95
"700","Faith Healer",2006,"Play",7583448,117
"701","Festen",2006,"Play",1853946,49
"702","Fiddler On The Roof 04",2006,"Musical",1774892,17
"703","Grey Gardens",2006,"Musical",5676299,68
"704","Hairspray",2006,"Musical",34037825,424
"705","Heartbreak House",2006,"Play",3177764,79
"706","High Fidelity",2006,"Musical",1096116,14
"707","Hot Feet",2006,"Musical",3766746,97
"708","Jay Johnson: The Two And Only",2006,"Play",587011,70
"709","Jersey Boys",2006,"Musical",56104793,424
"710","Kiki & Herb: Alive On Broadway",2006,"Musical",619680,27
"711","Latinologues",2006,"Play",139812,8
"712","Les Miserables 2006",2006,"Musical",7075653,61
"713","Lestat",2006,"Musical",4630419,39
"714","Losing Louie",2006,"Play",1548011,53
"715","Mamma Mia!",2006,"Musical",50942794,425
"716","Martin Short: Fame Becomes Me",2006,"Musical",10220580,157
"717","Mary Poppins",2006,"Musical",11712677,53
"718","Monty Python'S Spamalot",2006,"Musical",52427822,425
"719","Rabbit Hole",2006,"Play",3203305,77
"720","Rent",2006,"Musical",24113411,425
"721","Ring Of Fire",2006,"Musical",2775120,57
"722","Seascape",2006,"Play",345279,16
"723","Shining City",2006,"Play",3217082,80
"724","Souvenir",2006,"Play",291293,16
"725","Spring Awakening",2006,"Musical",2044919,25
"726","Sweeney Todd 05",2006,"Musical",16056159,288
"727","Sweet Charity 05",2006,"Musical",838097,9
"728","Tarzan",2006,"Musical",27236455,270
"729","The 25Th Annual Putnam County Spelling Bee",2006,"Musical",17619322,425
"730","The Apple Tree",2006,"Musical",1588120,20
"731","The Caine Mutiny Court-Martial",2006,"Play",945803,17
"732","The Coast Of Utopia",2006,"Play",3240131,16
"733","The Color Purple",2006,"Musical",53020197,425
"734","The Drowsy Chaperone",2006,"Musical",33712843,280
"735","The History Boys",2006,"Play",16775002,185
"736","The Lieutenant Of Inishmore",2006,"Play",3808107,142
"737","The Light In The Piazza",2006,"Musical",10356624,216
"738","The Lion King",2006,"Musical",59801174,416
"739","The Little Dog Laughed",2006,"Play",1929267,56
"740","The Odd Couple 05",2006,"Play",18711132,181
"741","The Pajama Game",2006,"Musical",8885204,129
"742","The Phantom Of The Opera",2006,"Musical",40790346,425
"743","The Producers",2006,"Musical",34580587,424
"744","The Threepenny Opera",2006,"Musical",5806155,77
"745","The Times They Are A-Changin'",2006,"Musical",2636161,28
"746","The Vertical Hour",2006,"Play",4073101,37
"747","The Wedding Singer",2006,"Musical",19995744,285
"748","The Woman In White",2006,"Musical",4492510,65
"749","Three Days Of Rain",2006,"Play",11427896,70
"750","Well",2006,"Play",1162288,52
"751","Wicked",2006,"Musical",74730244,424
"752","110 In The Shade",2007,"Musical",4971529,94
"753","A Bronx Tale",2007,"Play",2665870,53
"754","A Chorus Line '06",2007,"Musical",28802009,394
"755","A Moon For The Misbegotten 07",2007,"Play",5912588,71
"756","August: Osage County",2007,"Play",2273733,32
"757","Avenue Q",2007,"Musical",17594584,395
"758","Beauty And The Beast",2007,"Musical",23084199,240
"759","Butley",2007,"Play",631550,16
"760","Chicago",2007,"Musical",24757445,394
"761","Company 06",2007,"Musical",8094242,208
"762","Coram Boy",2007,"Play",1602370,30
"763","Curtains",2007,"Musical",30348356,303
"764","Cymbeline",2007,"Play",1849775,32
"765","Cyrano De Bergerac",2007,"Play",7192764,48
"766","Deuce",2007,"Play",5361739,121
"767","Dr. Seuss' How The Grinch Stole Christmas!",2007,"Musical",718568,12
"768","Dr. Seuss' How The Grinch Stole Christmas! 07",2007,"Musical",8912342,84
"769","Frost/Nixon",2007,"Play",9395227,137
"770","Grease 07",2007,"Musical",16130995,132
"771","Grey Gardens",2007,"Musical",11866681,239
"772","Hairspray",2007,"Musical",33730610,394
"773","Inherit The Wind 07",2007,"Play",6805286,100
"774","Is He Dead?",2007,"Play",897219,25
"775","Jersey Boys",2007,"Musical",59564334,394
"776","Journey'S End",2007,"Play",2514849,125
"777","Legally Blonde",2007,"Musical",29571648,259
"778","Les Miserables 2006",2007,"Musical",27186923,394
"779","Lovemusik",2007,"Musical",2494723,60
"780","Mamma Mia!",2007,"Musical",44154050,395
"781","Martin Short: Fame Becomes Me",2007,"Musical",621946,8
"782","Mary Poppins",2007,"Musical",56501042,416
"783","Mauritius",2007,"Play",2293948,61
"784","Monty Python'S Spamalot",2007,"Musical",37778560,394
"785","November",2007,"Play",670898,0
"786","Old Acquaintance",2007,"Play",1809462,61
"787","Prelude To A Kiss 2007",2007,"Play",1786550,61
"788","Pygmalion 07",2007,"Play",3558323,69
"789","Radio Golf",2007,"Play",1825735,64
"790","Rent",2007,"Musical",17973630,395
"791","Rock 'N' Roll",2007,"Play",3333455,43
"792","Spring Awakening",2007,"Musical",30925825,394
"793","Talk Radio",2007,"Play",4489013,121
"794","Tarzan",2007,"Musical",15486403,216
"795","The 25Th Annual Putnam County Spelling Bee",2007,"Musical",12368478,415
"796","The Apple Tree",2007,"Musical",3189403,79
"797","The Coast Of Utopia",2007,"Play",8522204,105
"798","The Color Purple",2007,"Musical",40780241,395
"799","The Drowsy Chaperone",2007,"Musical",29852245,394
"800","The Farnsworth Invention",2007,"Play",2279619,32
"801","The Homecoming 07",2007,"Play",897376,17
"802","The Lion King",2007,"Musical",57081062,394
"803","The Little Dog Laughed",2007,"Play",1416689,56
"804","The Little Mermaid",2007,"Musical",5353807,0
"805","The Phantom Of The Opera",2007,"Musical",35574288,394
"806","The Pirate Queen",2007,"Musical",9054539,85
"807","The Producers",2007,"Musical",8274311,128
"808","The Ritz",2007,"Play",3438536,69
"809","The Seafarer",2007,"Play",1174899,29
"810","The Vertical Hour",2007,"Play",3235774,80
"811","The Year Of Magical Thinking",2007,"Play",7293267,144
"812","Translations 06",2007,"Play",2141231,53
"813","Wicked",2007,"Musical",70476682,394
"814","Xanadu",2007,"Musical",8372855,200
"815","Young Frankenstein",2007,"Musical",18415000,61
"816","13",2008,"Musical",3577388,96
"817","A Bronx Tale",2008,"Play",2222302,58
"818","A Catered Affair",2008,"Musical",6453273,116
"819","A Chorus Line '06",2008,"Musical",13298678,264
"820","A Man For All Seasons",2008,"Play",3612196,73
"821","A Tale Of Two Cities",2008,"Musical",4655502,60
"822","All My Sons 08",2008,"Play",9610544,84
"823","American Buffalo",2008,"Play",739550,8
"824","August: Osage County",2008,"Play",23736230,407
"825","Avenue Q",2008,"Musical",15731064,415
"826","Billy Elliot: The Musical",2008,"Musical",13184041,52
"827","Boeing-Boeing",2008,"Play",13500650,271
"828","Cat On A Hot Tin Roof 08",2008,"Play",12603337,125
"829","Chicago",2008,"Musical",24848936,416
"830","Cirque Dreams: Jungle Fantasy",2008,"Special",5166140,70
"831","Come Back, Little Sheba",2008,"Play",2052427,58
"832","Cry Baby",2008,"Musical",4077104,68
"833","Curtains",2008,"Musical",13280012,208
"834","Cymbeline",2008,"Play",230226,8
"835","Cyrano De Bergerac",2008,"Play",905526,8
"836","Dividing The Estate",2008,"Play",2461596,43
"837","Dr. Seuss' How The Grinch Stole Christmas! 07",2008,"Musical",647223,12
"838","Equus",2008,"Play",9099127,108
"839","Glory Days",2008,"Musical",111283,1
"840","Grease 07",2008,"Musical",30574696,414
"841","Gypsy '08",2008,"Musical",29866095,316
"842","Hairspray",2008,"Musical",31229254,416
"843","In The Heights",2008,"Musical",34001301,336
"844","Irving Berlin'S White Christmas",2008,"Musical",8484299,46
"845","Is He Dead?",2008,"Play",1984831,80
"846","Jersey Boys",2008,"Musical",58871924,416
"847","Legally Blonde",2008,"Musical",26766478,336
"848","Les Liaisons Dangereuses 08",2008,"Play",3161855,77
"849","Les Miserables 2006",2008,"Musical",878076,8
"850","Liza'S At The Palace",2008,"Special",2472655,18
"851","Macbeth 08",2008,"Play",4105572,52
"852","Mamma Mia!",2008,"Musical",47580493,415
"853","Mary Poppins",2008,"Musical",42750255,416
"854","Monty Python'S Spamalot",2008,"Musical",32386698,416
"855","November",2008,"Play",10523748,205
"856","Pal Joey",2008,"Musical",2402482,13
"857","Passing Strange",2008,"Musical",5161374,165
"858","Rent",2008,"Musical",16997222,287
"859","Rock 'N' Roll",2008,"Play",3434040,80
"860","Shrek The Musical",2008,"Musical",5627138,17
"861","Slava'S Snowshow",2008,"Special",1071687,26
"862","South Pacific",2008,"Musical",35817950,309
"863","Speed The Plow '08",2008,"Play",5621146,76
"864","Spring Awakening",2008,"Musical",22458556,416
"865","Sunday In The Park With George '08",2008,"Musical",8812815,149
"866","The 25Th Annual Putnam County Spelling Bee",2008,"Musical",758360,24
"867","The 39 Steps",2008,"Play",11652952,356
"868","The Color Purple",2008,"Musical",4474952,63
"869","The Country Girl",2008,"Play",5949235,97
"870","The Farnsworth Invention",2008,"Play",2232916,72
"871","The Homecoming 07",2008,"Play",3370330,120
"872","The Lion King",2008,"Musical",61014194,416
"873","The Little Mermaid",2008,"Musical",48980835,405
"874","The Phantom Of The Opera",2008,"Musical",39044221,412
"875","The Seafarer",2008,"Play",3337449,104
"876","The Seagull 08",2008,"Play",6430741,94
"877","Thurgood",2008,"Play",4613166,126
"878","Title Of Show",2008,"Musical",2188129,102
"879","To Be Or Not To Be",2008,"Play",1166048,40
"880","Top Girls",2008,"Play",2211556,63
"881","Wicked",2008,"Musical",75642334,416
"882","Xanadu",2008,"Musical",8753455,312
"883","Young Frankenstein",2008,"Musical",44778200,416
"884","33 Variations",2009,"Play",4380302,85
"885","9 To 5",2009,"Musical",15231411,148
"886","A Little Night Music",2009,"Musical",4154446,17
"887","A Steady Rain",2009,"Play",15168742,80
"888","Accent On Youth",2009,"Play",2028775,71
"889","After Miss Julie",2009,"Play",2534646,53
"890","All My Sons 08",2009,"Play",1419096,17
"891","August: Osage County",2009,"Play",6825643,209
"892","Avenue Q",2009,"Musical",11776450,296
"893","Billy Elliot: The Musical",2009,"Musical",67097098,416
"894","Blithe Spirit '09",2009,"Play",11603724,145
"895","Boeing-Boeing",2009,"Play",450913,8
"896","Brighton Beach Memoirs '09",2009,"Play",539369,9
"897","Burn The Floor",2009,"Musical",8127159,169
"898","Bye Bye Birdie",2009,"Musical",9240822,85
"899","Chicago",2009,"Musical",28866526,416
"900","Desire Under The Elms",2009,"Play",1381950,32
"901","Dividing The Estate",2009,"Play",335231,7
"902","Equus",2009,"Play",2863140,48
"903","Exit The King",2009,"Play",6703380,93
"904","Fela!",2009,"Musical",3883374,38
"905","Finian'S Rainbow",2009,"Musical",5810831,68
"906","God Of Carnage",2009,"Play",29290217,268
"907","Grease 07",2009,"Musical",768163,8
"908","Guys And Dolls '09",2009,"Musical",10220561,121
"909","Gypsy '08",2009,"Musical",1564205,16
"910","Hair",2009,"Musical",36751424,311
"911","Hairspray",2009,"Musical",921534,8
"912","Hamlet '09",2009,"Play",10010252,72
"913","Hedda Gabler 09",2009,"Play",2742238,74
"914","Impressionism",2009,"Play",2776558,56
"915","In The Heights",2009,"Musical",38849051,416
"916","In The Next Room Or The Vibrator Play",2009,"Play",1580950,44
"917","Irena'S Vow",2009,"Play",3070112,105
"918","Irving Berlin'S White Christmas",2009,"Musical",869936,7
"919","Irving Berlin'S White Christmas '09",2009,"Musical",6113646,44
"920","Jersey Boys",2009,"Musical",57377989,416
"921","Joe Turner'S Come And Gone '09",2009,"Play",3022226,69
"922","Liza'S At The Palace",2009,"Special",587196,4
"923","Mamma Mia!",2009,"Musical",47884773,416
"924","Mary Poppins",2009,"Musical",40646276,416
"925","Mary Stuart",2009,"Play",6088106,137
"926","Memphis",2009,"Musical",7709710,80
"927","Monty Python'S Spamalot",2009,"Musical",1880172,16
"928","Next To Normal",2009,"Musical",14726114,292
"929","Oleanna",2009,"Play",2177335,65
"930","Pal Joey",2009,"Musical",3172105,72
"931","Race",2009,"Play",3160124,25
"932","Ragtime '09",2009,"Musical",4695393,50
"933","Reasons To Be Pretty",2009,"Play",1936204,85
"934","Rock Of Ages",2009,"Musical",22403083,303
"935","Shrek The Musical",2009,"Musical",39347106,416
"936","Slava'S Snowshow",2009,"Special",363887,9
"937","Soul Of Shaolin",2009,"Special",1225360,21
"938","South Pacific",2009,"Musical",41558035,416
"939","Speed The Plow '08",2009,"Play",2855947,64
"940","Spring Awakening",2009,"Musical",2012534,24
"941","Superior Donuts",2009,"Play",3935948,101
"942","The 39 Steps",2009,"Play",9954948,399
"943","The American Plan",2009,"Play",2001797,70
"944","The Lion King",2009,"Musical",64088308,416
"945","The Little Mermaid",2009,"Musical",28658958,280
"946","The Norman Conquests",2009,"Play",4229582,109
"947","The Phantom Of The Opera",2009,"Musical",42452119,416
"948","The Philanthropist",2009,"Play",2463705,73
"949","The Royal Family",2009,"Play",2627586,77
"950","The Story Of My Life",2009,"Musical",264611,5
"951","Waiting For Godot",2009,"Play",6908255,84
"952","West Side Story",2009,"Musical",50717688,324
"953","Wicked",2009,"Musical",78272351,416
"954","Wishful Drinking",2009,"Play",4619175,97
"955","You'Re Welcome America. A Final Night With George W. Bush",2009,"Special",6723050,46
"956","Young Frankenstein",2009,"Musical",860000,8
"957","A Behanding In Spokane",2010,"Play",6848680,108
"958","A Free Man Of Color",2010,"Play",2304643,45
"959","A Life In The Theatre",2010,"Play",2583745,56
"960","A Little Night Music",2010,"Musical",33086813,392
"961","A View From The Bridge '10",2010,"Play",10935941,81
"962","All About Me",2010,"Musical",1354494,20
"963","American Idiot",2010,"Musical",26057287,285
"964","Billy Elliot: The Musical",2010,"Musical",57374879,415
"965","Bloody Bloody Andrew Jackson",2010,"Musical",4931720,86
"966","Brief Encounter",2010,"Play",4799198,103
"967","Burn The Floor",2010,"Musical",1158519,16
"968","Bye Bye Birdie",2010,"Musical",2244637,32
"969","Chicago",2010,"Musical",26237031,415
"970","Colin Quinn: Long Story Short",2010,"Play",1243285,55
"971","Collected Stories",2010,"Play",1348639,54
"972","Come Fly Away",2010,"Musical",18368158,188
"973","Donny & Marie: A Broadway Christmas",2010,"Special",2411477,17
"974","Driving Miss Daisy",2010,"Play",7549577,70
"975","Elf",2010,"Musical",8990924,50
"976","Elling",2010,"Play",686837,9
"977","Enron",2010,"Play",1489074,16
"978","Everyday Rapture",2010,"Musical",2358299,85
"979","Fela!",2010,"Musical",27110350,416
"980","Fences '10",2010,"Play",12908907,88
"981","Finian'S Rainbow",2010,"Musical",2077995,24
"982","God Of Carnage",2010,"Play",8055367,184
"983","Hair",2010,"Musical",13819439,208
"984","Harry Connick, Jr. '10",2010,"Special",2620770,15
"985","In The Heights",2010,"Musical",30318416,416
"986","In The Next Room Or The Vibrator Play",2010,"Play",549049,16
"987","Irving Berlin'S White Christmas '09",2010,"Musical",759048,7
"988","Jersey Boys",2010,"Musical",55578060,414
"989","La Bete '10",2010,"Play",3738636,84
"990","La Cage Aux Folles '10",2010,"Musical",21461285,288
"991","Lend Me A Tenor '10",2010,"Play",8249462,153
"992","Lombardi",2010,"Play",3476686,76
"993","Looped",2010,"Play",1262525,33
"994","Mamma Mia!",2010,"Musical",43078956,415
"995","Mary Poppins",2010,"Musical",45482824,416
"996","Memphis",2010,"Musical",38996763,416
"997","Million Dollar Quartet",2010,"Musical",19330038,296
"998","Mrs. Warren'S Profession",2010,"Play",2917482,65
"999","Next Fall",2010,"Play",3056830,132
"1000","Next To Normal",2010,"Musical",15597924,417
"1001","Present Laughter '10",2010,"Play",3071438,69
"1002","Promises, Promises",2010,"Musical",41615357,281
"1003","Race",2010,"Play",11779786,272
"1004","Ragtime '09",2010,"Musical",1334882,15
"1005","Rain: A Tribute To The Beatles On Broadway",2010,"Musical",6179225,71
"1006","Red",2010,"Play",6835696,101
"1007","Rock Of Ages",2010,"Musical",25998686,416
"1008","Shrek The Musical",2010,"Musical",1387182,8
"1009","Sondheim On Sondheim",2010,"Musical",5352642,76
"1010","South Pacific",2010,"Musical",19112884,271
"1011","Spider-Man Turn Off The Dark",2010,"Musical",4012015,0
"1012","Superior Donuts",2010,"Play",303165,8
"1013","The 39 Steps",2010,"Play",496442,16
"1014","The Addams Family",2010,"Musical",48030985,300
"1015","The Importance Of Being Earnest",2010,"Play",234644,0
"1016","The Lion King",2010,"Musical",73828966,416
"1017","The Merchant Of Venice '10",2010,"Play",9720065,38
"1018","The Miracle Worker",2010,"Play",1687067,38
"1019","The Pee-Wee Herman Show",2010,"Play",5303114,53
"1020","The Phantom Of The Opera",2010,"Musical",42237079,416
"1021","The Pitmen Painters",2010,"Play",2531130,86
"1022","The Scottsboro Boys",2010,"Musical",2750411,49
"1023","Time Stands Still",2010,"Play",8380986,153
"1024","West Side Story",2010,"Musical",40907099,416
"1025","Wicked",2010,"Musical",82893687,416
"1026","Wishful Drinking",2010,"Play",1030731,21
"1027","Women On The Verge Of A Nervous Breakdown",2010,"Musical",4442395,61
"1028","A Free Man Of Color",2011,"Play",286415,8
"1029","A Little Night Music",2011,"Musical",1365408,16
"1030","American Idiot",2011,"Musical",13740765,137
"1031","An Evening With Patti Lupone And Mandy Patinkin",2011,"Special",2366234,36
"1032","Anything Goes '11",2011,"Musical",30852059,296
"1033","Arcadia '11",2011,"Play",4881785,108
"1034","Baby It'S You!",2011,"Musical",9111694,148
"1035","Bengal Tiger At The Bagdhad Zoo",2011,"Play",7889821,108
"1036","Billy Elliot: The Musical",2011,"Musical",43286735,412
"1037","Bloody Bloody Andrew Jackson",2011,"Musical",697839,8
"1038","Bonnie And Clyde",2011,"Musical",2751166,28
"1039","Born Yesterday '11",2011,"Play",2792677,73
"1040","Brief Encounter",2011,"Play",411174,8
"1041","Catch Me If You Can",2011,"Musical",16863570,166
"1042","Chicago",2011,"Musical",27787471,412
"1043","Chinglish",2011,"Play",2896266,68
"1044","Colin Quinn: Long Story Short",2011,"Play",1832377,80
"1045","Donny & Marie: A Broadway Christmas",2011,"Special",431986,3
"1046","Driving Miss Daisy",2011,"Play",6037050,110
"1047","Elf",2011,"Musical",1344993,7
"1048","Fela!",2011,"Musical",997714,9
"1049","Follies '11",2011,"Musical",16215292,120
"1050","Ghetto Klown",2011,"Play",6179540,95
"1051","Godspell",2011,"Musical",3541401,55
"1052","Good People",2011,"Play",5925428,101
"1053","Hair '11",2011,"Musical",3453758,67
"1054","High",2011,"Play",449955,7
"1055","How To Succeed In Business Without Really Trying '11",2011,"Musical",42863016,305
"1056","Hugh Jackman, Back On Broadway",2011,"Special",12578028,52
"1057","In The Heights",2011,"Musical",2134178,16
"1058","Jersey Boys",2011,"Musical",51995523,413
"1059","Jerusalem",2011,"Play",8004618,141
"1060","Kathy Griffin Wants A Tony",2011,"Special",1021880,10
"1061","La Bete '10",2011,"Play",644222,17
"1062","La Cage Aux Folles '10",2011,"Musical",7596528,145
"1063","Lombardi",2011,"Play",5836705,168
"1064","Lysistrata Jones",2011,"Musical",809896,13
"1065","Mamma Mia!",2011,"Musical",40153800,415
"1066","Man And Boy",2011,"Play",3095607,57
"1067","Mary Poppins",2011,"Musical",45349901,411
"1068","Master Class '11",2011,"Play",3244777,67
"1069","Memphis",2011,"Musical",37991369,412
"1070","Million Dollar Quartet",2011,"Musical",9255158,193
"1071","Next To Normal",2011,"Musical",1440448,24
"1072","On A Clear Day You Can See Forever",2011,"Musical",4135166,16
"1073","Other Desert Cities",2011,"Play",5357158,61
"1074","Porgy And Bess '11",2011,"Musical",964604,0
"1075","Priscilla Queen Of The Desert",2011,"Musical",32972666,317
"1076","Private Lives '11",2011,"Play",2328466,44
"1077","Promises, Promises",2011,"Musical",1336579,8
"1078","Rain: A Tribute To The Beatles On Broadway",2011,"Musical",11835209,229
"1079","Relatively Speaking",2011,"Play",8249366,76
"1080","Rock Of Ages",2011,"Musical",15193658,330
"1081","Seminar",2011,"Play",3127098,40
"1082","Sister Act",2011,"Musical",28265017,280
"1083","Spider-Man Turn Off The Dark",2011,"Musical",70887787,220
"1084","Stick Fly",2011,"Play",1526577,21
"1085","That Championship Season",2011,"Play",8443019,97
"1086","The Addams Family",2011,"Musical",37189988,414
"1087","The Book Of Mormon",2011,"Musical",51130154,313
"1088","The House Of Blue Leaves '11",2011,"Play",5707721,72
"1089","The Importance Of Being Earnest",2011,"Play",7778281,189
"1090","The Lion King",2011,"Musical",83355347,413
"1091","The Merchant Of Venice '10",2011,"Play",5615039,35
"1092","The Motherf**Ker With The Hat",2011,"Play",10451323,112
"1093","The Mountaintop",2011,"Play",8290243,84
"1094","The Normal Heart",2011,"Play",4237705,86
"1095","The Pee-Wee Herman Show",2011,"Play",993845,9
"1096","The People In The Picture",2011,"Musical",2469422,60
"1097","The Phantom Of The Opera",2011,"Musical",44597308,414
"1098","The Road To Mecca",2011,"Play",172179,0
"1099","Time Stands Still",2011,"Play",2047055,40
"1100","Venus In Fur",2011,"Play",3214825,48
"1101","War Horse",2011,"Play",37460577,290
"1102","West Side Story",2011,"Musical",1403667,8
"1103","Wicked",2011,"Musical",86697712,413
"1104","Women On The Verge Of A Nervous Breakdown",2011,"Musical",377877,8
"1105","Wonderland",2011,"Musical",4438971,33
"1106","A Christmas Story",2012,"Musical",8172266,51
"1107","A Streetcar Named Desire '12",2012,"Play",6060065,105
"1108","An Enemy Of The People",2012,"Play",1967382,59
"1109","An Evening With Patti Lupone And Mandy Patinkin",2012,"Special",1374740,21
"1110","Annie '12",2012,"Musical",12841570,62
"1111","Anything Goes '11",2012,"Musical",16436800,225
"1112","Billy Elliot: The Musical",2012,"Musical",2571625,17
"1113","Bonnie And Clyde",2012,"Musical",526181,8
"1114","Bring It On The Musical",2012,"Musical",11410177,171
"1115","Cat On A Hot Tin Roof '12",2012,"Play",1810163,0
"1116","Chaplin",2012,"Musical",8009009,127
"1117","Chicago",2012,"Musical",30996848,422
"1118","Chinglish",2012,"Play",1429135,41
"1119","Clybourne Park",2012,"Play",8767402,157
"1120","Cyrano De Bergerac '12",2012,"Play",2369149,52
"1121","Dead Accounts",2012,"Play",2835572,36
"1122","Death Of A Salesman '12",2012,"Play",12868982,78
"1123","Don'T Dress For Dinner",2012,"Play",2130070,61
"1124","Elf '12",2012,"Musical",7460230,66
"1125","End Of The Rainbow",2012,"Play",6856068,160
"1126","Evita",2012,"Musical",48627897,305
"1127","Fela! '12",2012,"Musical",1461335,28
"1128","Follies '11",2012,"Musical",3351400,32
"1129","Frankie Valli And The Four Seasons On Broadway",2012,"Special",1404082,7
"1130","Ghost",2012,"Musical",13339472,136
"1131","Glengarry Glen Ross '12",2012,"Play",11599276,25
"1132","Godspell",2012,"Musical",7564634,209
"1133","Golden Boy",2012,"Play",1887769,29
"1134","Gore Vidal'S The Best Man '12",2012,"Play",18329754,185
"1135","Grace",2012,"Play",6060267,100
"1136","Harvey",2012,"Play",6802810,62
"1137","How To Succeed In Business Without Really Trying '11",2012,"Musical",16877748,168
"1138","Hugh Jackman, Back On Broadway",2012,"Special",2056957,9
"1139","Jersey Boys",2012,"Musical",51004550,422
"1140","Jesus Christ Superstar '12",2012,"Musical",10882991,116
"1141","Leap Of Faith",2012,"Musical",1343840,19
"1142","Lysistrata Jones",2012,"Musical",581276,17
"1143","Magic/Bird",2012,"Play",1136102,37
"1144","Mamma Mia!",2012,"Musical",40607745,422
"1145","Mary Poppins",2012,"Musical",44741159,419
"1146","Memphis",2012,"Musical",19755998,257
"1147","Mike Tyson: Undisputed Truth",2012,"Special",1204618,10
"1148","Newsies",2012,"Musical",39387135,316
"1149","Nice Work If You Can Get It",2012,"Musical",35070780,286
"1150","On A Clear Day You Can See Forever",2012,"Musical",3118013,41
"1151","Once",2012,"Musical",40415937,329
"1152","One Man, Two Guvnors",2012,"Play",13071416,159
"1153","Other Desert Cities",2012,"Play",9442703,200
"1154","Peter And The Starcatcher",2012,"Play",16263912,295
"1155","Picnic '12",2012,"Play",405388,0
"1156","Porgy And Bess '11",2012,"Musical",25416849,293
"1157","Priscilla Queen Of The Desert",2012,"Musical",15791235,209
"1158","Private Lives '11",2012,"Play",445166,9
"1159","Relatively Speaking",2012,"Play",1828161,41
"1160","Rock Of Ages",2012,"Musical",24575347,424
"1161","Running On Empty",2012,"Special",997676,8
"1162","Scandalous",2012,"Musical",1718924,29
"1163","Seminar",2012,"Play",6692594,151
"1164","Shatner'S World: We Just Live In It",2012,"Special",914006,17
"1165","Sister Act",2012,"Musical",24244220,281
"1166","Spider-Man Turn Off The Dark",2012,"Musical",78508784,423
"1167","Stick Fly",2012,"Play",2735966,72
"1168","The Addams Family",2012,"Musical",1456119,8
"1169","The Anarchist",2012,"Play",1651411,17
"1170","The Book Of Mormon",2012,"Musical",84563579,424
"1171","The Columnist",2012,"Play",3505086,86
"1172","The Heiress '12",2012,"Play",6253816,70
"1173","The Lion King",2012,"Musical",94489976,424
"1174","The Lyons",2012,"Play",2509091,80
"1175","The Mountaintop",2012,"Play",2573938,33
"1176","The Mystery Of Edwin Drood '12",2012,"Musical",3584865,56
"1177","The Other Place",2012,"Play",471389,0
"1178","The Performers",2012,"Play",737219,6
"1179","The Phantom Of The Opera",2012,"Musical",47458151,423
"1180","The Road To Mecca",2012,"Play",1910477,56
"1181","Venus In Fur",2012,"Play",6335320,143
"1182","War Horse",2012,"Play",36566633,420
"1183","Who'S Afraid Of Virginia Woolf? '12",2012,"Play",3891012,79
"1184","Wicked",2012,"Musical",96580572,427
"1185","Wit",2012,"Play",2302405,60
"1186","700 Sundays '13",2013,"Play",8106145,41
"1187","A Gentleman'S Guide To Love And Murder",2013,"Musical",4625835,50
"1188","A Night With Janis Joplin",2013,"Musical",5305494,93
"1189","A Time To Kill",2013,"Play",1720560,33
"1190","After Midnight",2013,"Musical",6377555,65
"1191","Ann",2013,"Play",5251537,132
"1192","Annie '12",2013,"Musical",44823091,417
"1193","Beautiful",2013,"Musical",4271877,0
"1194","Betrayal '13",2013,"Play",16134359,74
"1195","Big Fish",2013,"Musical",10858194,98
"1196","Breakfast At Tiffany'S",2013,"Play",2475937,38
"1197","Cat On A Hot Tin Roof '12",2013,"Play",9851040,84
"1198","Chaplin",2013,"Musical",509381,8
"1199","Chicago",2013,"Musical",31957599,416
"1200","Cinderella",2013,"Musical",45771847,345
"1201","Dead Accounts",2013,"Play",254255,8
"1202","Elf '12",2013,"Musical",696616,8
"1203","Evita",2013,"Musical",4050278,32
"1204","First Date",2013,"Musical",9455270,166
"1205","Forever Tango '13",2013,"Special",3041368,73
"1206","Glengarry Glen Ross '12",2013,"Play",2702656,20
"1207","Golden Boy",2013,"Play",1218878,24
"1208","Grace",2013,"Play",418788,8
"1209","Hands On A Hardbody",2013,"Musical",1597428,28
"1210","I'Ll Eat You Last: A Chat With Sue Mengers",2013,"Play",9561477,71
"1211","Il Divo - A Musical Affair",2013,"Special",1308223,6
"1212","Jekyll & Hyde '13",2013,"Musical",2470240,30
"1213","Jersey Boys",2013,"Musical",45576860,416
"1214","Kinky Boots",2013,"Musical",62953446,310
"1215","Let It Be",2013,"Special",2535797,46
"1216","Lucky Guy",2013,"Play",22992145,104
"1217","Macbeth '13",2013,"Play",5202863,73
"1218","Macbeth '13 (Lct)",2013,"Play",3439514,44
"1219","Machinal",2013,"Play",182072,0
"1220","Mamma Mia!",2013,"Musical",40015239,404
"1221","Manilow On Broadway",2013,"Special",4160716,25
"1222","Mary Poppins",2013,"Musical",7374514,72
"1223","Matilda",2013,"Musical",50081464,300
"1224","Motown The Musical",2013,"Musical",56887366,297
"1225","Newsies",2013,"Musical",43873554,415
"1226","Nice Work If You Can Get It",2013,"Musical",16390966,192
"1227","No Man'S Land/Waiting For Godot",2013,"Play",6200280,42
"1228","Once",2013,"Musical",42013236,415
"1229","Orphans",2013,"Play",4056117,37
"1230","Peter And The Starcatcher",2013,"Play",1434942,24
"1231","Picnic '12",2013,"Play",2004456,49
"1232","Pippin",2013,"Musical",36576303,285
"1233","Rock Of Ages",2013,"Musical",21377425,415
"1234","Romeo And Juliet",2013,"Play",6208798,93
"1235","Soul Doctor",2013,"Musical",1940459,66
"1236","Spider-Man Turn Off The Dark",2013,"Musical",57214550,415
"1237","The Assembled Parties",2013,"Play",5402056,119
"1238","The Big Knife",2013,"Play",2337664,56
"1239","The Book Of Mormon",2013,"Musical",90410251,418
"1240","The Glass Menagerie '13",2013,"Play",9841125,109
"1241","The Heiress '12",2013,"Play",3350640,47
"1242","The Lion King",2013,"Musical",96983840,420
"1243","The Mystery Of Edwin Drood '12",2013,"Musical",3606477,80
"1244","The Nance",2013,"Play",8563126,136
"1245","The Other Place",2013,"Play",2405077,61
"1246","The Phantom Of The Opera",2013,"Musical",52245597,416
"1247","The Rascals: Once Upon A Dream",2013,"Special",2245793,14
"1248","The Snow Geese",2013,"Play",2376183,60
"1249","The Testament Of Mary",2013,"Play",1279803,16
"1250","The Trip To Bountiful",2013,"Play",13498945,187
"1251","The Winslow Boy",2013,"Play",2392300,53
"1252","Twelfth Night/Richard Iii",2013,"Play",7681182,57
"1253","Vanya And Sonia And Masha And Spike",2013,"Play",13130430,189
"1254","War Horse",2013,"Play",948043,8
"1255","Who'S Afraid Of Virginia Woolf? '12",2013,"Play",2553440,63
"1256","Wicked",2013,"Musical",95278197,423
"1257","A Delicate Balance 2014",2014,"Play",8072159,44
"1258","A Gentleman'S Guide To Love And Murder",2014,"Musical",37608690,415
"1259","A Night With Janis Joplin",2014,"Musical",1929052,47
"1260","A Raisin In The Sun '14",2014,"Play",16253561,85
"1261","Act One",2014,"Play",4761068,67
"1262","After Midnight",2014,"Musical",14856797,208
"1263","Aladdin",2014,"Musical",59050162,326
"1264","All The Way",2014,"Play",19492726,131
"1265","Annie '12",2014,"Musical",1387296,8
"1266","Beautiful",2014,"Musical",58110271,402
"1267","Betrayal '13",2014,"Play",1367059,9
"1268","Bronx Bombers",2014,"Play",1212059,29
"1269","Bullets Over Broadway",2014,"Musical",18176367,156
"1270","Cabaret '14",2014,"Musical",29853769,285
"1271","Casa Valentina",2014,"Play",3028464,79
"1272","Chicago",2014,"Musical",28555240,416
"1273","Cinderella",2014,"Musical",40521527,415
"1274","Constellations",2014,"Play",710263,0
"1275","Disgraced",2014,"Play",5217801,77
"1276","First Date",2014,"Musical",563371,8
"1277","Hedwig And The Angry Inch",2014,"Musical",31265375,252
"1278","Holler If Ya Hear Me",2014,"Musical",1209478,38
"1279","Honeymoon In Vegas",2014,"Musical",2245496,0
"1280","If/Then",2014,"Musical",32458935,313
"1281","It'S Only A Play",2014,"Play",23359280,93
"1282","Jersey Boys",2014,"Musical",41136944,416
"1283","Kinky Boots",2014,"Musical",68541186,412
"1284","Lady Day At Emerson'S Bar & Grill",2014,"Play",14085440,173
"1285","Les Miserables '14",2014,"Musical",40890054,321
"1286","Love Letters 2014",2014,"Play",4124389,95
"1287","Macbeth '13 (Lct)",2014,"Play",811927,16
"1288","Machinal",2014,"Play",1941184,52
"1289","Mamma Mia!",2014,"Musical",33731824,415
"1290","Matilda",2014,"Musical",54941658,416
"1291","Mothers And Sons",2014,"Play",3558406,104
"1292","Motown The Musical",2014,"Musical",54514309,416
"1293","Newsies",2014,"Musical",25740028,273
"1294","No Man'S Land/Waiting For Godot",2014,"Play",8146230,103
"1295","Of Mice And Men",2014,"Play",15938704,118
"1296","On The Town 2014",2014,"Musical",10681894,84
"1297","Once",2014,"Musical",26909639,416
"1298","Outside Mullingar",2014,"Play",3351777,61
"1299","Pippin",2014,"Musical",31356518,416
"1300","Rock Of Ages",2014,"Musical",17886995,416
"1301","Rocky",2014,"Musical",19222100,180
"1302","Side Show 2014",2014,"Musical",4152543,48
"1303","Spider-Man Turn Off The Dark",2014,"Musical",1782904,8
"1304","The Book Of Mormon",2014,"Musical",86636296,418
"1305","The Bridges Of Madison County",2014,"Musical",6729931,100
"1306","The Country House",2014,"Play",2383928,61
"1307","The Cripple Of Inishmaan",2014,"Play",7845617,105
"1308","The Curious Incident Of The Dog In The Night-Time",2014,"Play",12572844,97
"1309","The Elephant Man 2014",2014,"Play",7105878,25
"1310","The Glass Menagerie '13",2014,"Play",4266038,64
"1311","The Illusionists - Witness The Impossible",2014,"Special",5939663,33
"1312","The Last Ship",2014,"Musical",7680935,73
"1313","The Lion King",2014,"Musical",100158794,419
"1314","The Phantom Of The Opera",2014,"Musical",48926507,415
"1315","The Real Thing 2014",2014,"Play",5752003,69
"1316","The Realistic Joneses",2014,"Play",8209761,105
"1317","The River",2014,"Play",7073958,49
"1318","The Velocity Of Autumn",2014,"Play",544617,16
"1319","This Is Our Youth",2014,"Play",6660137,124
"1320","Twelfth Night/Richard Iii",2014,"Play",6249783,56
"1321","Violet",2014,"Musical",6616618,128
"1322","Wicked",2014,"Musical",94611404,421
"1323","You Can'T Take It With You",2014,"Play",9833180,105
"1324","A Delicate Balance 2014",2015,"Play",3631438,56
"1325","A Gentleman'S Guide To Love And Murder",2015,"Musical",29489181,415
"1326","A View From The Bridge 2015",2015,"Play",4611817,53
"1327","Airline Highway",2015,"Play",1521105,53
"1328","Aladdin",2015,"Musical",81043891,417
"1329","Allegiance",2015,"Musical",5493199,57
"1330","Amazing Grace",2015,"Musical",5540127,116
"1331","An Act Of God",2015,"Play",11082666,76
"1332","An American In Paris",2015,"Musical",52190603,297
"1333","Beautiful",2015,"Musical",52677592,416
"1334","Cabaret '14",2015,"Musical",11296259,103
"1335","Chicago",2015,"Musical",30961993,414
"1336","China Doll",2015,"Play",9731966,23
"1337","Cinderella",2015,"Musical",1873246,9
"1338","Constellations",2015,"Play",5931917,76
"1339","Dames At Sea",2015,"Musical",2329147,76
"1340","Disgraced",2015,"Play",3317167,72
"1341","Doctor Zhivago",2015,"Musical",3197457,23
"1342","Fiddler On The Roof 2015",2015,"Musical",5998362,8
"1343","Finding Neverland",2015,"Musical",40966623,294
"1344","Fish In The Dark",2015,"Play",27652896,173
"1345","Fool For Love",2015,"Play",3721858,75
"1346","Fun Home",2015,"Musical",25735863,289
"1347","Gigi",2015,"Musical",7028015,86
"1348","Hamilton",2015,"Musical",37305863,165
"1349","Hand To God",2015,"Play",11708765,303
"1350","Hedwig And The Angry Inch",2015,"Musical",18994060,255
"1351","Honeymoon In Vegas",2015,"Musical",5364040,93
"1352","If/Then",2015,"Musical",7176206,88
"1353","It Shoulda Been You",2015,"Musical",7881052,135
"1354","It'S Only A Play",2015,"Play",14141686,181
"1355","Jersey Boys",2015,"Musical",35315620,417
"1356","King Charles Iii",2015,"Play",6272381,65
"1357","Kinky Boots",2015,"Musical",48828699,417
"1358","Les Miserables '14",2015,"Musical",38229188,417
"1359","Living On Love",2015,"Play",811148,16
"1360","Lord Of The Dance: Dangerous Games",2015,"Special",2746532,58
"1361","Mamma Mia!",2015,"Musical",26844028,295
"1362","Matilda",2015,"Musical",47866547,415
"1363","Misery",2015,"Play",7726999,48
"1364","Motown The Musical",2015,"Musical",3600877,25
"1365","Noises Off 2016",2015,"Play",492172,0
"1366","Old Times",2015,"Play",4039575,64
"1367","On The Town 2014",2015,"Musical",20158434,284
"1368","On The Twentieth Century",2015,"Musical",11298280,144
"1369","On Your Feet!",2015,"Musical",13924913,60
"1370","Once",2015,"Musical",967968,8
"1371","Penn & Teller On Broadway",2015,"Special",7820655,41
"1372","Pippin",2015,"Musical",907253,8
"1373","Rock Of Ages",2015,"Musical",1520888,24
"1374","School Of Rock",2015,"Musical",7124749,25
"1375","Side Show 2014",2015,"Musical",810486,8
"1376","Skylight 2015",2015,"Play",10126159,85
"1377","Something Rotten!",2015,"Musical",36863639,286
"1378","Spring Awakening 2015",2015,"Musical",6724803,104
"1379","Sylvia",2015,"Play",4061673,70
"1380","The Audience",2015,"Play",22072987,114
"1381","The Book Of Mormon",2015,"Musical",79511329,420
"1382","The Color Purple 2015",2015,"Musical",5417649,20
"1383","The Curious Incident Of The Dog In The Night-Time",2015,"Play",39250821,416
"1384","The Elephant Man 2014",2015,"Play",7611818,58
"1385","The Gin Game 2015",2015,"Play",4664478,76
"1386","The Heidi Chronicles 2015",2015,"Play",3257022,53
"1387","The Illusionists - Live On Broadway",2015,"Special",4984434,51
"1388","The Illusionists - Witness The Impossible",2015,"Special",2217405,12
"1389","The King And I 2015",2015,"Musical",39332984,293
"1390","The Last Ship",2015,"Musical",3475352,32
"1391","The Lion King",2015,"Musical",102793328,417
"1392","The Phantom Of The Opera",2015,"Musical",46843572,416
"1393","The Real Thing 2014",2015,"Play",462361,7
"1394","The River",2015,"Play",3753058,48
"1395","The Temptations And The Four Tops On Broadway",2015,"Special",819461,7
"1396","The Visit 2015",2015,"Musical",2432521,61
"1397","This Is Our Youth",2015,"Play",569187,9
"1398","Thérèse Raquin",2015,"Play",4813983,68
"1399","Wicked",2015,"Musical",90815158,420
"1400","Wolf Hall Parts One & Two",2015,"Play",9970896,103
"1401","You Can'T Take It With You",2015,"Play",3394144,64
"1402","A Gentleman'S Guide To Love And Murder",2016,"Musical",1261245,16
"1403","A View From The Bridge 2015",2016,"Play",3815450,62
"1404","Aladdin",2016,"Musical",50244575,265
"1405","Allegiance",2016,"Musical",3121415,54
"1406","American Psycho",2016,"Musical",5627480,54
"1407","An Act Of God 2016",2016,"Play",3495760,75
"1408","An American In Paris",2016,"Musical",26492185,262
"1409","Beautiful",2016,"Musical",28509122,262
"1410","Blackbird",2016,"Play",7855675,108
"1411","Bright Star",2016,"Musical",7474494,109
"1412","Cats 2016",2016,"Musical",4404457,17
"1413","Chicago",2016,"Musical",17606635,263
"1414","China Doll",2016,"Play",2898696,31
"1415","Dames At Sea",2016,"Musical",211207,9
"1416","Disaster!",2016,"Musical",4293431,72
"1417","Eclipsed",2016,"Play",5744145,121
"1418","Fiddler On The Roof 2015",2016,"Musical",28434884,263
"1419","Finding Neverland",2016,"Musical",22527315,263
"1420","Fully Committed",2016,"Play",7068657,112
"1421","Fun Home",2016,"Musical",14031232,262
"1422","Hamilton",2016,"Musical",61154027,263
"1423","Hand To God",2016,"Play",425669,8
"1424","Hughie 2016",2016,"Play",2023264,37
"1425","Jersey Boys",2016,"Musical",18706945,261
"1426","King Charles Iii",2016,"Play",3139231,38
"1427","Kinky Boots",2016,"Musical",24505316,263
"1428","Les Miserables '14",2016,"Musical",25970033,262
"1429","Long Day'S Journey Into Night 2016",2016,"Play",5153917,61
"1430","Lord Of The Dance: Dangerous Games",2016,"Special",870337,9
"1431","Matilda",2016,"Musical",27362907,263
"1432","Misery",2016,"Play",4791416,54
"1433","Motown The Musical 2016",2016,"Musical",1496081,24
"1434","Noises Off 2016",2016,"Play",4847179,67
"1435","On Your Feet!",2016,"Musical",30228753,262
"1436","Our Mother'S Brief Affair",2016,"Play",1727741,53
"1437","Paramour",2016,"Musical",16566410,94
"1438","School Of Rock",2016,"Musical",34602215,263
"1439","She Loves Me 2016",2016,"Musical",11744157,132
"1440","Shuffle Along",2016,"Musical",15174445,100
"1441","Something Rotten!",2016,"Musical",23449081,262
"1442","Spring Awakening 2015",2016,"Musical",2457353,31
"1443","Sylvia",2016,"Play",391703,9
"1444","The Book Of Mormon",2016,"Musical",45151480,265
"1445","The Color Purple 2015",2016,"Musical",24944495,262
"1446","The Crucible 2016",2016,"Play",11687115,125
"1447","The Curious Incident Of The Dog In The Night-Time",2016,"Play",14817681,262
"1448","The Father 2016",2016,"Play",3419470,78
"1449","The Gin Game 2015",2016,"Play",850136,16
"1450","The Humans",2016,"Play",11515021,189
"1451","The Illusionists - Live On Broadway",2016,"Special",1801327,13
"1452","The King And I 2015",2016,"Musical",17712069,206
"1453","The Lion King",2016,"Musical",65978349,265
"1454","The Phantom Of The Opera",2016,"Musical",29063104,263
"1455","Thérèse Raquin",2016,"Play",370028,7
"1456","Tuck Everlasting",2016,"Musical",2943941,39
"1457","Waitress",2016,"Musical",20033709,129
"1458","Wicked",2016,"Musical",57569637,265
